{"cameraMode":{"drawMode":0,"name":"Shaded","section":"Shading Mode"},"sceneLighting":false,"audioPlay":false,"sceneViewState":{"showFog":true,"showMaterialUpdate":true,"showSkybox":true,"showFlares":true,"showImageEffects":true,"showParticleSystems":true},"in2DMode":false,"pivot":{"x":0.9023194313049316,"y":-0.7146673202514648,"z":-10.535198211669922},"rotation":{"x":-0.06585405766963959,"y":0.9334218502044678,"z":-0.26771190762519839,"w":-0.22961100935935975},"size":18.814254760742189,"orthographic":false}