{"cameraMode":{"drawMode":0,"name":"Shaded","section":"Shading Mode"},"sceneLighting":false,"audioPlay":false,"sceneViewState":{"showFog":true,"showMaterialUpdate":true,"showSkybox":true,"showFlares":true,"showImageEffects":true,"showParticleSystems":true},"in2DMode":false,"pivot":{"x":-0.20041990280151368,"y":0.7583835124969482,"z":-9.119132995605469},"rotation":{"x":-0.06233305484056473,"y":0.9208084344863892,"z":-0.16500090062618257,"w":-0.3478565812110901},"size":5.271140098571777,"orthographic":false}